<?xml version="1.0" encoding="UTF-8"?>
<COS_ROLE_MAP xmlns:xsi="http://www.w3.org/2001/XMLSchema-instance" xsi:noNamespaceSchemaLocation="/xsd/HASE_COS_ROLE_MAP.xsd">
	<COS_ROLE roleName="BA">
		<workflow workflowName="COS Mass">
			<applicationStatus statusName="Pending For Customer Submission" nextStatus="String" previousStatus="String" entryCurrentStatusDatetime="String" leaveCurrentStatusDatetime="String" handler="String">
				<applicationField fieldName="Application Level Info" fieldId="String">
					<fieldElement elementName="Company Name" elementId="String">String</fieldElement>
					<fieldElement elementName="Application ID" elementId="String">String</fieldElement>
					<fieldElement elementName="Status" elementId="String">String</fieldElement>
					<fieldElement elementName="Assigned To" elementId="String">String</fieldElement>
					<fieldElement elementName="Appointment" elementId="String">String</fieldElement>
				</applicationField>
			</applicationStatus>	
		</workflow>
	</COS_ROLE>
</COS_ROLE_MAP>
