<?xml version="1.0" encoding="UTF-8"?>

<mule xmlns:dw="http://www.mulesoft.org/schema/mule/ee/dw" xmlns:db="http://www.mulesoft.org/schema/mule/db" xmlns:http="http://www.mulesoft.org/schema/mule/http" xmlns:tracking="http://www.mulesoft.org/schema/mule/ee/tracking" xmlns="http://www.mulesoft.org/schema/mule/core" xmlns:doc="http://www.mulesoft.org/schema/mule/documentation"
	xmlns:spring="http://www.springframework.org/schema/beans" 
	xmlns:xsi="http://www.w3.org/2001/XMLSchema-instance"
	xsi:schemaLocation="http://www.springframework.org/schema/beans http://www.springframework.org/schema/beans/spring-beans-current.xsd
http://www.mulesoft.org/schema/mule/core http://www.mulesoft.org/schema/mule/core/current/mule.xsd
http://www.mulesoft.org/schema/mule/db http://www.mulesoft.org/schema/mule/db/current/mule-db.xsd
http://www.mulesoft.org/schema/mule/http http://www.mulesoft.org/schema/mule/http/current/mule-http.xsd
http://www.mulesoft.org/schema/mule/ee/tracking http://www.mulesoft.org/schema/mule/ee/tracking/current/mule-tracking-ee.xsd
http://www.mulesoft.org/schema/mule/ee/dw http://www.mulesoft.org/schema/mule/ee/dw/current/dw.xsd">
    <http:listener-config name="HTTP_Listener_Configuration" host="0.0.0.0" port="8081" doc:name="HTTP Listener Configuration"/>
    <db:mysql-config name="MySQL_data_1" host="localhost" port="3306" user="root" password="luojinyang521" database="test" doc:name="MySQL Configuration"/>
    <db:mysql-config name="MySQL_Configuration" host="localhost" port="3306" user="root" password="luojinyang521" database="user" doc:name="MySQL Configuration"/>
    <expression-filter expression="#[payload.value]" name="Expression" doc:name="Expression"/>
    <db:mysql-config name="MySQL_Configuration1" host="localhost" port="3306" user="root" password="luojinyang521" database="user" doc:name="MySQL Configuration"/>
    <flow name="testFlow">
        <http:listener config-ref="HTTP_Listener_Configuration" path="/cos/insert" doc:name="HTTP"/>
        <dw:transform-message doc:name="Transform Message">
            <dw:set-payload><![CDATA[%dw 1.0
%output application/java
---
payload]]></dw:set-payload>
        </dw:transform-message>
        <set-variable variableName="flag" value="#[payload.flag]" doc:name="var.flag"/>
        <logger message="#[payload.flag]" level="INFO" doc:name="logger.var.flag"/>
        <choice doc:name="Whether get a unique identifier">
            <when expression="#[payload.flag == 1]">
                <db:select config-ref="MySQL_data_1" doc:name="select old DB">
                    <db:parameterized-query><![CDATA[SELECT application_id,form_data FROM input_form]]></db:parameterized-query>
                </db:select>
                <set-variable variableName="resultSet" value="#[payload]" encoding="UTF-8" mimeType="application/java" doc:name="var.result"/>
                <set-variable variableName="parm" value="#[payload.iterator().hasNext()]" doc:name="var.parm"/>
                <choice doc:name="Choice">
                    <when expression="#[flowVars.parm == true]">
                        <foreach collection="#[flowVars.resultSet]" doc:name="For Each">
                            <set-payload value="#[payload]" doc:name="Set Payload"/>
                            <set-variable variableName="application_ids" value="#[payload.application_id.toString()]" doc:name="application_id"/>
                            <logger message="#[flowVars.application_ids]" level="INFO" doc:name="Logger.application_id"/>
                            <set-variable variableName="data" value="#[payload.form_data]" encoding="UTF-8" mimeType="application/xml" doc:name="form_data"/>
                            <dw:transform-message doc:name="Transform Message">
                                <dw:set-payload><![CDATA[%dw 1.0
%output application/java
%var empty = ""
%var ResiOfficeAddress = flowVars.data.CMB_IRF.inputPack.contactDetails.RegisteredOfficeAddress.ResiOfficeAddress
%var BusinessAddress = flowVars.data.CMB_IRF.inputPack.contactDetails.BusinessAddress.BusinessAddress
%var OtherAddress = flowVars.data.CMB_IRF.inputPack.contactDetails.CorrespondenceAddress.OtherAddress
%var BusinessPhoneNumber = flowVars.data.CMB_IRF.inputPack.contactDetails.BusinessPhoneNumber
---


"information": [
					{
						(value: ResiOfficeAddress.country) when ResiOfficeAddress.country != empty,
						(Field_ID: 'CONT2') when ResiOfficeAddress.country != empty,
						(ApplicationId: flowVars.application_ids) when ResiOfficeAddress.country != empty
					},
					 {
						(value: ResiOfficeAddress.isFreeFormatAddress) when ResiOfficeAddress.country == 'Hong Kong',
						(Field_ID: 'CONTN13.1') when ResiOfficeAddress.country == 'Hong Kong',
						(ApplicationId: flowVars.application_ids) when ResiOfficeAddress.country != empty
					},
					{
						(value: ResiOfficeAddress.FlatNumber) when ResiOfficeAddress.country == 'Hong Kong' and ResiOfficeAddress.isFreeFormatAddress != 'YES',
						(Field_ID: 'CONT100') when ResiOfficeAddress.country == 'Hong Kong' and ResiOfficeAddress.isFreeFormatAddress != 'YES',
						(ApplicationId: flowVars.application_ids) when ResiOfficeAddress.country != empty
					},
					{
						(value: ResiOfficeAddress.FloorNumber) when ResiOfficeAddress.country == 'Hong Kong' and ResiOfficeAddress.isFreeFormatAddress != 'YES',
						(Field_ID: 'CONT104') when ResiOfficeAddress.country == 'Hong Kong' and ResiOfficeAddress.isFreeFormatAddress != 'YES',
						(ApplicationId: flowVars.application_ids) when ResiOfficeAddress.country != empty
					},
					{
						(value: ResiOfficeAddress.BlockNumber) when ResiOfficeAddress.country == 'Hong Kong' and ResiOfficeAddress.isFreeFormatAddress != 'YES',
						(Field_ID: 'CONT106') when ResiOfficeAddress.country == 'Hong Kong' and ResiOfficeAddress.isFreeFormatAddress != 'YES',
						(ApplicationId: flowVars.application_ids) when ResiOfficeAddress.country != empty
					},
					{
						(value: ResiOfficeAddress.BuildingNumber) when ResiOfficeAddress.country == 'Hong Kong' and ResiOfficeAddress.isFreeFormatAddress != 'YES',
						(Field_ID: 'CONT103') when ResiOfficeAddress.country == 'Hong Kong' and ResiOfficeAddress.isFreeFormatAddress != 'YES',
						(ApplicationId: flowVars.application_ids) when ResiOfficeAddress.country != empty
					},
					{
						(value: ResiOfficeAddress.streetName1) when ResiOfficeAddress.country == 'Hong Kong' and ResiOfficeAddress.isFreeFormatAddress != 'YES',
						(Field_ID: 'CONT109') when ResiOfficeAddress.country == 'Hong Kong' and ResiOfficeAddress.isFreeFormatAddress != 'YES',
						(ApplicationId: flowVars.application_ids) when ResiOfficeAddress.country != empty
					},
					{
						(value: ResiOfficeAddress.streetName2) when ResiOfficeAddress.streetName2 != empty,
						(Field_ID: 'CONT112') when ResiOfficeAddress.streetName2 != empty,
						(ApplicationId: flowVars.application_ids) when ResiOfficeAddress.country != empty
					},
					{
						(value: ResiOfficeAddress.additionalAddress) when ResiOfficeAddress.country == 'Hong Kong' ,
						(Field_ID: 'CONT113') when ResiOfficeAddress.country == 'Hong Kong',
						(ApplicationId: flowVars.application_ids) when ResiOfficeAddress.country != empty
					},
					{
						(value: ResiOfficeAddress.city) when ResiOfficeAddress.country == 'Hong Kong' and ResiOfficeAddress.isFreeFormatAddress != 'YES' ,
						(Field_ID: 'CONT114') when ResiOfficeAddress.country == 'Hong Kong' and ResiOfficeAddress.isFreeFormatAddress != 'YES',
						(ApplicationId: flowVars.application_ids) when ResiOfficeAddress.country != empty
					},
					{
						(value: ResiOfficeAddress.postcode) when ResiOfficeAddress.country == 'Hong Kong' and ResiOfficeAddress.isFreeFormatAddress != 'YES',
						(Field_ID: 'CONT119') when ResiOfficeAddress.country == 'Hong Kong' and ResiOfficeAddress.isFreeFormatAddress != 'YES',
						(ApplicationId: flowVars.application_ids) when ResiOfficeAddress.country != empty
					},
					{
						(value: ResiOfficeAddress.addressLine1) when ResiOfficeAddress.country != 'Hong Kong' or ResiOfficeAddress.isFreeFormatAddress == 'YES',
						(Field_ID: 'CONTN13.2') when ResiOfficeAddress.country != 'Hong Kong' or ResiOfficeAddress.isFreeFormatAddress == 'YES',
						(ApplicationId: flowVars.application_ids) when ResiOfficeAddress.country != empty
					},
					{
						(value: ResiOfficeAddress.addressLine2) when ResiOfficeAddress.country != 'Hong Kong' or ResiOfficeAddress.isFreeFormatAddress == 'YES',
						(Field_ID: 'CONTN13.3') when ResiOfficeAddress.country != 'Hong Kong' or ResiOfficeAddress.isFreeFormatAddress == 'YES',
						(ApplicationId: flowVars.application_ids) when ResiOfficeAddress.country != empty
					},
					{
						(value: ResiOfficeAddress.addressLine3) when ResiOfficeAddress.country != 'Hong Kong' or ResiOfficeAddress.isFreeFormatAddress == 'YES',
						(Field_ID: 'CONTN13.4') when ResiOfficeAddress.country != 'Hong Kong' or ResiOfficeAddress.isFreeFormatAddress == 'YES',
						(ApplicationId: flowVars.application_ids) when ResiOfficeAddress.country != empty
					},
					{
						(value: ResiOfficeAddress.addressLine4) when ResiOfficeAddress.country != 'Hong Kong' or ResiOfficeAddress.isFreeFormatAddress == 'YES',
						(Field_ID: 'CONTN13.5') when ResiOfficeAddress.country != 'Hong Kong' or ResiOfficeAddress.isFreeFormatAddress == 'YES',
						(ApplicationId: flowVars.application_ids) when ResiOfficeAddress.country != empty
					},
					{
						(value: flowVars.data.CMB_IRF.inputPack.contactDetails.RegisteredOfficeAddress.IsRegisteredAdd) when flowVars.data.CMB_IRF.inputPack.contactDetails.RegisteredOfficeAddress.IsRegisteredAdd != empty,
						(Field_ID: 'CONTN13') when flowVars.data.CMB_IRF.inputPack.contactDetails.RegisteredOfficeAddress.IsRegisteredAdd != empty,
						(ApplicationId: flowVars.application_ids) when ResiOfficeAddress.country != empty
					},
					{
						(value: BusinessAddress.country) when BusinessAddress.country != empty,
						(Field_ID: 'CONT15') when BusinessAddress.country != empty,
						(ApplicationId: flowVars.application_ids) when ResiOfficeAddress.country != empty
					},
					 {
						(value: BusinessAddress.isFreeFormatAddress) when BusinessAddress.country == 'Hong Kong',
						(Field_ID: 'CONTN14.1') when BusinessAddress.country == 'Hong Kong',
						(ApplicationId: flowVars.application_ids) when ResiOfficeAddress.country != empty
					},
					{
						(value: BusinessAddress.FlatNumber) when BusinessAddress.country == 'Hong Kong' and BusinessAddress.isFreeFormatAddress != 'YES',
						(Field_ID: 'CONT122') when BusinessAddress.country == 'Hong Kong' and BusinessAddress.isFreeFormatAddress != 'YES',
						(ApplicationId: flowVars.application_ids) when ResiOfficeAddress.country != empty
					},
					{
						(value: BusinessAddress.FloorNumber) when BusinessAddress.country == 'Hong Kong' and BusinessAddress.isFreeFormatAddress != 'YES',
						(Field_ID: 'CONT126') when BusinessAddress.country == 'Hong Kong' and BusinessAddress.isFreeFormatAddress != 'YES',
						(ApplicationId: flowVars.application_ids) when ResiOfficeAddress.country != empty
					},
					{
						(value: BusinessAddress.BlockNumber) when BusinessAddress.country == 'Hong Kong' and BusinessAddress.isFreeFormatAddress != 'YES',
						(Field_ID: 'CONT128') when BusinessAddress.country == 'Hong Kong' and BusinessAddress.isFreeFormatAddress != 'YES',
						(ApplicationId: flowVars.application_ids) when ResiOfficeAddress.country != empty
					},
					{
						(value: BusinessAddress.BuildingNumber) when BusinessAddress.country == 'Hong Kong' and BusinessAddress.isFreeFormatAddress != 'YES',
						(Field_ID: 'CONT125') when BusinessAddress.country == 'Hong Kong' and BusinessAddress.isFreeFormatAddress != 'YES',
						(ApplicationId: flowVars.application_ids) when ResiOfficeAddress.country != empty
					},
					{
						(value: BusinessAddress.streetName1) when BusinessAddress.country == 'Hong Kong' and BusinessAddress.isFreeFormatAddress != 'YES',
						(Field_ID: 'CONT131') when BusinessAddress.country == 'Hong Kong' and BusinessAddress.isFreeFormatAddress != 'YES',
						(ApplicationId: flowVars.application_ids) when ResiOfficeAddress.country != empty
					},
					{
						(value: BusinessAddress.streetName2) when BusinessAddress.streetName2 != empty,
						(Field_ID: 'CONT134') when BusinessAddress.streetName != empty,
						(ApplicationId: flowVars.application_ids) when ResiOfficeAddress.country != empty
					},
					{
						(value: BusinessAddress.additionalAddress) when BusinessAddress.country == 'Hong Kong' ,
						(Field_ID: 'CONT135') when BusinessAddress.country == 'Hong Kong',
						(ApplicationId: flowVars.application_ids) when ResiOfficeAddress.country != empty
					},
					{
						(value: BusinessAddress.city) when BusinessAddress.country == 'Hong Kong' and BusinessAddress.isFreeFormatAddress != 'YES' ,
						(Field_ID: 'CONT136') when BusinessAddress.country == 'Hong Kong' and BusinessAddress.isFreeFormatAddress != 'YES',
						(ApplicationId: flowVars.application_ids) when ResiOfficeAddress.country != empty
					},
					{
						(value: BusinessAddress.postcode) when BusinessAddress.country == 'Hong Kong' and BusinessAddress.isFreeFormatAddress != 'YES',
						(Field_ID: 'CONT141') when BusinessAddress.country == 'Hong Kong' and BusinessAddress.isFreeFormatAddress != 'YES',
						(ApplicationId: flowVars.application_ids) when ResiOfficeAddress.country != empty
					},
					{
						(value: BusinessAddress.addressLine1) when BusinessAddress.country != 'Hong Kong' or BusinessAddress.isFreeFormatAddress == 'YES',
						(Field_ID: 'CONTN14.2') when BusinessAddress.country != 'Hong Kong' or BusinessAddress.isFreeFormatAddress == 'YES',
						(ApplicationId: flowVars.application_ids) when ResiOfficeAddress.country != empty
					},
					{
						(value: BusinessAddress.addressLine2) when BusinessAddress.country != 'Hong Kong' or BusinessAddress.isFreeFormatAddress == 'YES',
						(Field_ID: 'CONTN14.3') when BusinessAddress.country != 'Hong Kong' or BusinessAddress.isFreeFormatAddress == 'YES',
						(ApplicationId: flowVars.application_ids) when ResiOfficeAddress.country != empty
					},
					{
						(value: BusinessAddress.addressLine3) when BusinessAddress.country != 'Hong Kong' or BusinessAddress.isFreeFormatAddress == 'YES',
						(Field_ID: 'CONTN14.4') when BusinessAddress.country != 'Hong Kong' or BusinessAddress.isFreeFormatAddress == 'YES',
						(ApplicationId: flowVars.application_ids) when ResiOfficeAddress.country != empty
					},
					{
						(value: BusinessAddress.addressLine4) when BusinessAddress.country != 'Hong Kong' or BusinessAddress.isFreeFormatAddress == 'YES',
						(Field_ID: 'CONTN14.5') when BusinessAddress.country != 'Hong Kong' or BusinessAddress.isFreeFormatAddress == 'YES',
						(ApplicationId: flowVars.application_ids) when ResiOfficeAddress.country != empty
					},
					{
						(value: flowVars.data.CMB_IRF.inputPack.contactDetails.CorrespondenceAddress.SendCorresAddOne) when flowVars.data.packRequest.drpEntityType != 'SP',
						(Field_ID: 'CONT64') when flowVars.data.packRequest.drpEntityType != 'SP',
						(ApplicationId: flowVars.application_ids) when ResiOfficeAddress.country != empty
					},
					{
						(value: OtherAddress.country) when OtherAddress.country == 'Other Address' or flowVars.data.packRequest.drpEntityType != 'SP',
						(Field_ID: 'CONT67') when OtherAddress.country == 'Other Address' or flowVars.data.packRequest.drpEntityType != 'SP',
						(ApplicationId: flowVars.application_ids) when ResiOfficeAddress.country != empty
					},
					 {
						(value: OtherAddress.isFreeFormatAddress) when OtherAddress.country == 'Hong Kong',
						(Field_ID: 'CONTN18.1') when OtherAddress.country == 'Hong Kong',
						(ApplicationId: flowVars.application_ids) when ResiOfficeAddress.country != empty
					},
					{
						(value: OtherAddress.FlatNumber) when OtherAddress.country == 'Hong Kong' and OtherAddress.isFreeFormatAddress != 'YES',
						(Field_ID: 'CONT210') when OtherAddress.country == 'Hong Kong' and OtherAddress.isFreeFormatAddress != 'YES',
						(ApplicationId: flowVars.application_ids) when ResiOfficeAddress.country != empty
					},
					{
						(value: OtherAddress.FloorNumber) when OtherAddress.country == 'Hong Kong' and OtherAddress.isFreeFormatAddress != 'YES',
						(Field_ID: 'CONT214') when OtherAddress.country == 'Hong Kong' and OtherAddress.isFreeFormatAddress != 'YES',
						(ApplicationId: flowVars.application_ids) when ResiOfficeAddress.country != empty
					},
					{
						(value: OtherAddress.BlockNumber) when OtherAddress.country == 'Hong Kong' and OtherAddress.isFreeFormatAddress != 'YES',
						(Field_ID: 'CONT216') when OtherAddress.country == 'Hong Kong' and OtherAddress.isFreeFormatAddress != 'YES',
						(ApplicationId: flowVars.application_ids) when ResiOfficeAddress.country != empty
					},
					{
						(value: OtherAddress.BuildingNumber) when OtherAddress.country == 'Hong Kong' and OtherAddress.isFreeFormatAddress != 'YES',
						(Field_ID: 'CONT213') when OtherAddress.country == 'Hong Kong' and OtherAddress.isFreeFormatAddress != 'YES',
						(ApplicationId: flowVars.application_ids) when ResiOfficeAddress.country != empty
					},
					{
						(value: OtherAddress.streetName1) when OtherAddress.country == 'Hong Kong' and OtherAddress.isFreeFormatAddress != 'YES',
						(Field_ID: 'CONT219') when OtherAddress.country == 'Hong Kong' and OtherAddress.isFreeFormatAddress != 'YES',
						(ApplicationId: flowVars.application_ids) when ResiOfficeAddress.country != empty
					},
					{
						(value: OtherAddress.streetName2) when OtherAddress.streetName2 != empty,
						(Field_ID: 'CONT222') when OtherAddress.streetName2 != empty,
						(ApplicationId: flowVars.application_ids) when ResiOfficeAddress.country != empty
					},
					{
						(value: OtherAddress.additionalAddress) when OtherAddress.country == 'Hong Kong' ,
						(Field_ID: 'CONT223') when OtherAddress.country == 'Hong Kong',
						(ApplicationId: flowVars.application_ids) when ResiOfficeAddress.country != empty
					},
					{
						(value: OtherAddress.city) when OtherAddress.country == 'Hong Kong' and OtherAddress.isFreeFormatAddress != 'YES' ,
						(Field_ID: 'CONT224') when OtherAddress.country == 'Hong Kong' and OtherAddress.isFreeFormatAddress != 'YES',
						(ApplicationId: flowVars.application_ids) when ResiOfficeAddress.country != empty
					},
					{
						(value: OtherAddress.postcode) when OtherAddress.country == 'Hong Kong' and OtherAddress.isFreeFormatAddress != 'YES',
						(Field_ID: 'CONT229') when OtherAddress.country == 'Hong Kong' and OtherAddress.isFreeFormatAddress != 'YES',
						(ApplicationId: flowVars.application_ids) when ResiOfficeAddress.country != empty
					},
					{
						(value: OtherAddress.addressLine1) when OtherAddress.country != 'Hong Kong' or OtherAddress.isFreeFormatAddress == 'YES',
						(Field_ID: 'CONTN18.2') when OtherAddress.country != 'Hong Kong' or OtherAddress.isFreeFormatAddress == 'YES',
						(ApplicationId: flowVars.application_ids) when ResiOfficeAddress.country != empty
					},
					{
						(value: OtherAddress.addressLine2) when OtherAddress.country != 'Hong Kong' or OtherAddress.isFreeFormatAddress == 'YES',
						(Field_ID: 'CONTN18.3') when OtherAddress.country != 'Hong Kong' or OtherAddress.isFreeFormatAddress == 'YES',
						(ApplicationId: flowVars.application_ids) when ResiOfficeAddress.country != empty
					},
					{
						(value: OtherAddress.addressLine3) when OtherAddress.country != 'Hong Kong' or OtherAddress.isFreeFormatAddress == 'YES',
						(Field_ID: 'CONTN18.4') when OtherAddress.country != 'Hong Kong' or OtherAddress.isFreeFormatAddress == 'YES',
						(ApplicationId: flowVars.application_ids) when ResiOfficeAddress.country != empty
					},
					{
						(value: OtherAddress.addressLine4) when OtherAddress.country != 'Hong Kong' or OtherAddress.isFreeFormatAddress == 'YES',
						(Field_ID: 'CONTN18.5') when OtherAddress.country != 'Hong Kong' or OtherAddress.isFreeFormatAddress == 'YES',
						(ApplicationId: flowVars.application_ids) when ResiOfficeAddress.country != empty
					},
					{
						(value: flowVars.data.CMB_IRF.inputPack.contactDetails.CorrespondenceAddress.txtAddressDetInCN) when flowVars.data.contactDetails.CorrespondenceAddress.txtAddressDetInCN != empty,
						(Field_ID: '0096') when flowVars.data.contactDetails.CorrespondenceAddress.txtAddressDetInCN != empty,
						(ApplicationId: flowVars.application_ids) when ResiOfficeAddress.country != empty
					},
					{
						(value: BusinessPhoneNumber.numTelNumOne) when BusinessPhoneNumber.numTelNumOne != empty,
						(Field_ID: 'CONT78') when BusinessPhoneNumber.numTelNumOne != empty,
						(ApplicationId: flowVars.application_ids) when ResiOfficeAddress.country != empty
					},
					{
						(value: BusinessPhoneNumber.numTelNumTwo) when BusinessPhoneNumber.numTelNumTwo != empty,
						(Field_ID: '0097a') when BusinessPhoneNumber.numTelNumTwo != empty,
						(ApplicationId: flowVars.application_ids) when ResiOfficeAddress.country != empty
					},
					{
						(value: BusinessPhoneNumber.numMobNum) when BusinessPhoneNumber.numMobNum != empty,
						(Field_ID: 'CONT80') when BusinessPhoneNumber.numMobNum != empty,
						(ApplicationId: flowVars.application_ids) when ResiOfficeAddress.country != empty
					},
					{
						(value: BusinessPhoneNumber.txtFaxNoOne) when BusinessPhoneNumber.txtFaxNoOne != empty,
						(Field_ID: 'CONT82') when BusinessPhoneNumber.txtFaxNoOne != empty,
						(ApplicationId: flowVars.application_ids) when ResiOfficeAddress.country != empty
					},
					{
						(value: BusinessPhoneNumber.txtFaxNoTwo) when BusinessPhoneNumber.txtFaxNoTwo != empty,
						(Field_ID: '0099a') when BusinessPhoneNumber.txtFaxNoTwo != empty,
						(ApplicationId: flowVars.application_ids) when ResiOfficeAddress.country != empty
					},
					{
						(value: BusinessPhoneNumber.txtBusEmailOne) when BusinessPhoneNumber.txtBusEmailOne != empty,
						(Field_ID: 'CONT83') when BusinessPhoneNumber.txtBusEmailOne != empty,
						(ApplicationId: flowVars.application_ids) when ResiOfficeAddress.country != empty
					},
					{
						(value: BusinessPhoneNumber.txtBusEmailTwo) when BusinessPhoneNumber.txtBusEmailTwo != empty,
						(Field_ID: '0100a') when BusinessPhoneNumber.txtBusEmailTwo != empty,
						(ApplicationId: flowVars.application_ids) when ResiOfficeAddress.country != empty
					},
					{
						(value: BusinessPhoneNumber.txtBusURL) when BusinessPhoneNumber.txtBusURL != empty,
						(Field_ID: 'CONT84') when BusinessPhoneNumber.txtBusURL != empty,
						(ApplicationId: flowVars.application_ids) when ResiOfficeAddress.country != empty
					}

                ] 
					
					]]></dw:set-payload>
                            </dw:transform-message>
                            <set-variable variableName="info" value="#[payload.information]" doc:name="payload.information"/>
                            <foreach collection="#[flowVars.info]" doc:name="For Each">
                                <set-payload value="#[payload]" doc:name="Set Payload"/>
                                <filter ref="Expression" doc:name="Filter Reference"/>
                                <db:insert config-ref="MySQL_Configuration" doc:name="insert new DB">
                                    <db:parameterized-query><![CDATA[INSERT INTO USER_INFO (APPLICATION_ID,PAGE_ID,FIELD_VALUE,FIELD_ID,LAST_OPERATOR,LAST_UPDATE_TIME) VALUES(#[payload.ApplicationId],10086,#[payload.value],#[payload.Field_ID],'Alan',NOW())]]></db:parameterized-query>
                                </db:insert>
                            </foreach>
                            <set-payload value="successfully!" doc:name="Set Payload"/>
                        </foreach>
                    </when>
                    <otherwise>
                        <set-payload value="Invalid data!" doc:name="Set Payload"/>
                    </otherwise>
                </choice>
            </when>
            <otherwise>
                <set-payload value="Please pass in the Identification!" doc:name="Set Payload"/>
            </otherwise>
        </choice>
    </flow>
    <flow name="data_migrationFlow">
        <http:listener config-ref="HTTP_Listener_Configuration" path="/cos/select" doc:name="HTTP"/>
        <dw:transform-message doc:name="Transform Message">
            <dw:set-payload><![CDATA[%dw 1.0
%output application/java
---
payload]]></dw:set-payload>
        </dw:transform-message>
        <set-variable variableName="flag" value="#[payload.flag]" doc:name="Var.flag"/>
        <logger message="#[payload.flag]" level="INFO" doc:name="Logger"/>
        <choice doc:name="Whether get a unique identifier">
            <when expression="#[payload.flag==1]">
                <db:select config-ref="MySQL_Configuration1" doc:name="Select data from Database">
                    <db:parameterized-query><![CDATA[select * from user_info where application_id = 1111]]></db:parameterized-query>
                </db:select>
                <set-variable variableName="result" value="#[payload]" doc:name="Variable"/>
                <choice doc:name="Whether the data exists">
                    <when expression="#[payload.size()&gt;0]">
                        <dw:transform-message doc:name="Transform Message">
                            <dw:set-payload><![CDATA[%dw 1.0
%output application/json
---
payload]]></dw:set-payload>
                        </dw:transform-message>
                        <dw:transform-message doc:name="Transform Message">
                            <dw:set-payload><![CDATA[%dw 1.0
%output application/xml
---

COS_CMB_IRF: {
	COS_inputPack: {
    COS_contactDetails: {
		COS_RegisteredOfficeAddress: {
			COS_ResiOfficeAddress: {
				(payload map {
					(using (fieldValue=$.FIELD_VALUE,fieldId=$.FIELD_ID){
					(COS_country: fieldValue) when fieldId == 'CONT2',
					(COS_isFreeFormatAddress:fieldValue) when fieldId == 'CONTN13.1',
					(COS_FlatNumber: fieldValue) when fieldId == 'CONT100',
					(COS_FloorNumber: fieldValue) when fieldId == 'CONT104',	
					(COS_BlockNumber: fieldValue) when fieldId == 'CONT106',
					(COS_BuildingNumber: fieldValue) when fieldId == 'CONT103',
					(COS_streetName1: fieldValue) when fieldId == 'CONT109',
					(COS_streetName2: fieldValue) when fieldId == 'CONT112',
					(COS_additionalAddress: fieldValue) when fieldId == 'CONT113',
					(COS_city: fieldValue) when fieldId == 'CONT114',
					(COS_postcode: fieldValue) when fieldId == 'CONT119',
					(COS_addressLine1: fieldValue) when fieldId == 'CONTN13.2',
					(COS_addressLine1: fieldValue) when fieldId == 'CONTN13.3',
					(COS_addressLine1: fieldValue) when fieldId == 'CONTN13.4',
					(COS_addressLine1: fieldValue) when fieldId == 'CONTN13.5'
				})
				})
										
		    },
				(payload map {
				   (COS_IsRegisteredAdd: $.FIELD_VALUE) when $.FIELD_ID == 'CONTN13'	
				})
		    },
			COS_BusinessAddress:{
				COS_BusinessAddress:{
				(payload map {
				(COS_country: $.FIELD_VALUE) when $.FIELD_ID == 'CONT15',
				(COS_isFreeFormatAddress: $.FIELD_VALUE) when $.FIELD_ID == 'CONTN14.1',
				(COS_FlatNumber: $.FIELD_VALUE) when $.FIELD_ID == 'CONT122',
				(COS_FloorNumber: $.FIELD_VALUE) when $.FIELD_ID == 'CONT126',
				(COS_BlockNumber: $.FIELD_VALUE) when $.FIELD_ID == 'CONT128',
				(COS_BuildingNumber: $.FIELD_VALUE) when $.FIELD_ID == 'CONT125',
				(COS_streetName1: $.FIELD_VALUE) when $.FIELD_ID == 'CONT131',
				(COS_streetName2: $.FIELD_VALUE) when $.FIELD_ID == 'CONT134',
				(COS_additionalAddress: $.FIELD_VALUE) when $.FIELD_ID == 'CONT135',
				(COS_city: $.FIELD_VALUE) when $.FIELD_ID == 'CONT136',	
				(COS_postcode: $.FIELD_VALUE) when $.FIELD_ID == 'CONT141',
				(COS_addressLine1: $.FIELD_VALUE) when $.FIELD_ID == 'CONTN14.2',
				(COS_addressLine2: $.FIELD_VALUE) when $.FIELD_ID == 'CONTN14.3',
				(COS_addressLine3: $.FIELD_VALUE) when $.FIELD_ID == 'CONTN14.4',
				(COS_addressLine4: $.FIELD_VALUE) when $.FIELD_ID == 'CONTN14.5'
				})
				}
			},
			COS_CorrespondenceAddress:{
				(payload map {
				   (COS_SendCorresAddOne: $.FIELD_VALUE) when $.FIELD_ID == 'CONT64'	
				}),
				COS_OtherAddress:{
				(payload map {
				(COS_country: $.FIELD_VALUE) when $.FIELD_ID == 'CONT67',
				(COS_isFreeFormatAddress: $.FIELD_VALUE) when $.FIELD_ID == 'CONTN18.1',
				(COS_FlatNumber: $.FIELD_VALUE) when $.FIELD_ID == 'CONT210',
				(COS_FloorNumber: $.FIELD_VALUE) when $.FIELD_ID == 'CONT214',
				(COS_BlockNumber: $.FIELD_VALUE) when $.FIELD_ID == 'CONT216',
				(COS_BuildingNumber: $.FIELD_VALUE) when $.FIELD_ID == 'CONT213',
				(COS_streetName1: $.FIELD_VALUE) when $.FIELD_ID == 'CONT219',
				(COS_streetName2: $.FIELD_VALUE) when $.FIELD_ID == 'CONT222',
				(COS_additionalAddress: $.FIELD_VALUE) when $.FIELD_ID == 'CONT223',
				(COS_city: $.FIELD_VALUE) when $.FIELD_ID == 'CONT224',	
				(COS_postcode: $.FIELD_VALUE) when $.FIELD_ID == 'CONT229',
				(COS_addressLine1: $.FIELD_VALUE) when $.FIELD_ID == 'CONTN18.2',
				(COS_addressLine2: $.FIELD_VALUE) when $.FIELD_ID == 'CONTN18.3',
				(COS_addressLine3: $.FIELD_VALUE) when $.FIELD_ID == 'CONTN18.4',
				(COS_addressLine4: $.FIELD_VALUE) when $.FIELD_ID == 'CONTN18.5'
				})
				},
				(payload map {
				   (COS_txtAddressDetInCN1 @(label:'11111'): $.FIELD_VALUE) when $.FIELD_ID == '0096'
				}),
				(payload map {
				   (COS_txtAddressDetInCN2 @(label:'22222'): $.FIELD_VALUE) when $.FIELD_ID == '0096'	
				}),
				(payload map {
				   (COS_txtAddressDetInCN3 @(label:'33333'): $.FIELD_VALUE) when $.FIELD_ID == '0096'	
				}),
				(payload map {
				   (COS_txtAddressDetInCN4 @(label:'44444'): $.FIELD_VALUE) when $.FIELD_ID == '0096'	
				})
			},
			COS_Business1:{
				COS_Business2:{
					COS_Business3:{
				COS_BusinessPhoneNumber:{
				(payload map {
				(COS_numTelNumOne: $.FIELD_VALUE) when $.FIELD_ID == 'CONT78',
				(COS_numTelNumTwo: $.FIELD_VALUE) when $.FIELD_ID == '0097a',
				(COS_numMobNum: $.FIELD_VALUE) when $.FIELD_ID == 'CONT80',
				(COS_txtFaxNoOne: $.FIELD_VALUE) when $.FIELD_ID == 'CONT82',
				(COS_txtFaxNoTwo: $.FIELD_VALUE) when $.FIELD_ID == '0099a',
				(COS_txtBusEmailOne: $.FIELD_VALUE) when $.FIELD_ID == 'CONT83',
				(COS_txtBusEmailTwo: $.FIELD_VALUE) when $.FIELD_ID == '0100a',
				(COS_txtBusURL: $.FIELD_VALUE) when $.FIELD_ID == 'CONT84'
				})
				}
			}
		 }
		}		
      }
	}
}


]]></dw:set-payload>
                        </dw:transform-message>
                    </when>
                    <otherwise>
                        <set-payload value="Invalid data!" doc:name="Set Payload"/>
                    </otherwise>
                </choice>
            </when>
            <otherwise>
                <set-payload value="Please pass in the Identification!" doc:name="Set Payload"/>
            </otherwise>
        </choice>

    </flow>
</mule>
