<?xml version="1.0" encoding="UTF-8"?>

<mule xmlns:dw="http://www.mulesoft.org/schema/mule/ee/dw" xmlns:db="http://www.mulesoft.org/schema/mule/db" xmlns:http="http://www.mulesoft.org/schema/mule/http" xmlns:ee="http://www.mulesoft.org/schema/mule/ee/core" xmlns:tracking="http://www.mulesoft.org/schema/mule/ee/tracking" xmlns="http://www.mulesoft.org/schema/mule/core" xmlns:doc="http://www.mulesoft.org/schema/mule/documentation"
	xmlns:spring="http://www.springframework.org/schema/beans" 
	xmlns:xsi="http://www.w3.org/2001/XMLSchema-instance"
	xsi:schemaLocation="http://www.springframework.org/schema/beans http://www.springframework.org/schema/beans/spring-beans-current.xsd
http://www.mulesoft.org/schema/mule/core http://www.mulesoft.org/schema/mule/core/current/mule.xsd
http://www.mulesoft.org/schema/mule/http http://www.mulesoft.org/schema/mule/http/current/mule-http.xsd
http://www.mulesoft.org/schema/mule/ee/tracking http://www.mulesoft.org/schema/mule/ee/tracking/current/mule-tracking-ee.xsd
http://www.mulesoft.org/schema/mule/db http://www.mulesoft.org/schema/mule/db/current/mule-db.xsd
http://www.mulesoft.org/schema/mule/ee/dw http://www.mulesoft.org/schema/mule/ee/dw/current/dw.xsd
http://www.mulesoft.org/schema/mule/ee/core http://www.mulesoft.org/schema/mule/ee/core/current/mule-ee.xsd">
    <db:mysql-config name="MySQL_Configuration1" host="127.0.0.1" port="3306" user="root" password="123" database="cos" doc:name="MySQL Configuration"/>
    <flow name="cos_datawave_demo2Flow">
        <http:listener config-ref="HTTP_Listener_Configuration" path="/cos" doc:name="Request"/>
        <dw:transform-message doc:name="Transform Message">
            <dw:set-payload><![CDATA[%dw 1.0
%output application/java
---
payload]]></dw:set-payload>
        </dw:transform-message>
        <set-variable variableName="flag" value="#[payload.flag]" doc:name="flag"/>
        <logger message="#[flowVars.flag]" level="INFO" doc:name="Logger of flag"/>
        <choice doc:name="select database or not">
            <when expression="#[flowVars.flag == 1]">
                <db:select config-ref="MySQL_Configuration1" doc:name="select from old_form">
                    <db:parameterized-query><![CDATA[SELECT application_id,application_status,form_data FROM old_form]]></db:parameterized-query>
                </db:select>
                <set-variable variableName="resultSet" value="#[payload]" doc:name="ResultSet"/>
                <set-variable variableName="symbol" value="#[payload.iterator().hasNext()]" doc:name="DataBase have data or not "/>
                <choice doc:name="DataBase have data or not">
                    <when expression="#[flowVars.symbol == true]">
                        <foreach collection="#[flowVars.resultSet]" doc:name="For Each">
                            <set-payload value="#[payload]" doc:name="Set Payload"/>
                            <set-variable variableName="application_id" value="#[payload.application_id.toString()]" doc:name="application_id"/>
                            <set-variable variableName="application_status" value="#[payload.application_status]" doc:name="application_status"/>
                            <logger message="#[flowVars.application_status]" level="INFO" doc:name="Logger"/>
                            <set-variable variableName="data" value="#[payload.form_data]" encoding="UTF-8" mimeType="application/xml" doc:name="form_data"/>
                            <dw:transform-message doc:name="Transform Message">
                                <dw:set-payload><![CDATA[%dw 1.0
%output application/xml
%var empty = ''
%var accountType = flowVars.data.CMB_IRF.inputPack.productDetails.AccountInfo.AccountType
%var commonTag = flowVars.data.CMB_IRF.inputPack
%var drpEntityType = flowVars.data.CMB_IRF.packRequest.drpEntityType

---
CMB_IRF:{
	inputPack:{
		productDetails:{
			AccountInfo:{
				(using(var=commonTag.productDetails.AccountInfo){
					StandAloneCustomer:var.StandAloneCustomer,
					(AccountType:var.AccountType) when var.StandAloneCustomer == 'No',
					(Account1:var.Account1) when var.AccountType != empty,
					(Account2:var.Account2) when var.AccountType == 'Stand-alone Account',
					(Account3:var.Account3) when var.AccountType == 'Stand-alone Account',
					(Account4:var.Account4) when var.AccountType == 'Stand-alone Account',
					(Account5:var.Account5) when var.AccountType == 'Stand-alone Account',
					(Account6:var.Account6) when var.AccountType == 'Stand-alone Account',
					(Account7:var.Account7) when var.AccountType == 'Stand-alone Account',
					(Account8:var.Account8) when var.AccountType == 'Stand-alone Account',
					(Account9:var.Account9) when var.AccountType == 'Stand-alone Account'
					
				})
			} unless accountType == 'Stand-alone Account'
			otherwise 
			COSinfo:{
				(using(var=commonTag.productDetails.AccountInfo){
					StandAloneCustomer:var.StandAloneCustomer,
					(COSType:var.AccountType) when var.StandAloneCustomer == 'No',
					(COSpart1:var.Account1) when var.AccountType != empty,
					(COSpart2:var.Account2) when var.AccountType == 'Stand-alone Account',
					(COSpart3:var.Account3) when var.AccountType == 'Stand-alone Account',
					(COSpart4:var.Account4) when var.AccountType == 'Stand-alone Account',
					(COSpart5:var.Account5) when var.AccountType == 'Stand-alone Account',
					(COSpart6:var.Account6) when var.AccountType == 'Stand-alone Account',
					(COSpart7:var.Account7) when var.AccountType == 'Stand-alone Account',
					(COSpart8:var.Account8) when var.AccountType == 'Stand-alone Account',
					(COSpart9:var.Account9) when var.AccountType == 'Stand-alone Account'
					
				})
			},
			AccountStatement:{
				(using(var=commonTag.productDetails.AccountStatement){
					(MonthlyStatementDate:var.MonthlyStatementDate) when accountType == 'BPAGP07' or accountType == 'BPAGP17',
					(StandMonthlyStatementDate:var.StandMonthlyStatementDate) when accountType == 'Stand-alone Account',
					(IsConsolidatedStatement:var.IsConsolidatedStatement) when accountType == 'BPAGP07' or accountType == 'BPAGP17',
					(IsEchannelReceiving:var.IsEchannelReceiving) when accountType == 'BPAGP07' or accountType == 'BPAGP17'
				})
				
			},
			ChequeBook:{
				(using(var=commonTag.productDetails.ChequeBook){
					(IsIssue:var.IsIssue) when accountType == 'BPAGP07' or accountType == 'BPAGP17',
					(IssueMethod:var.IssueMethod) when accountType == 'BPAGP07' or accountType == 'BPAGP17',
					(ckbCourier:var.ckbCourier) when accountType == 'Stand-alone Account'
				})
			},
			PhoneATM:{
				(using(var=commonTag.productDetails.PhoneATM){
					(CollectOption1:var.CollectOption1) when accountType == 'BPAGP07' or accountType == 'BPAGP17',
					ACU1:{
						(commonTag.productDetails.PhoneATM.*ACU1 map {
							(PhoneEnglishName:$.PhoneEnglishName) when accountType == 'BPAGP07' or accountType == 'BPAGP17',
							(PhoneDocType:$.PhoneDocType) when accountType == 'BPAGP07' or accountType == 'BPAGP17',
							(PhoneDocTypeOther:$.PhoneDocTypeOther) when $.PhoneDocType == 'Others',
							(PhoneDocTypeNumber:$.PhoneDocTypeNumber) when accountType == 'BPAGP07' or accountType == 'BPAGP17',
							(PhoneATMLinkedAccount:$.PhoneATMLinkedAccount) when accountType == 'BPAGP07' or accountType == 'BPAGP17',
							(PhoneATMScreenSelection:$.PhoneATMScreenSelection) when accountType == 'BPAGP07' or accountType == 'BPAGP17',
							(PhoneEBankingBIBPINRefNo:$.PhoneEBankingBIBPINRefNo) when var.CollectOption1 == 'Collect on Spot' or var.CollectOption1 == 'Courier Service',
							(PhoneIsPhoneCollectionBranch:$.PhoneIsPhoneCollectionBranch) when var.CollectOption1 == 'Collect at Branch' and var.CollectOption1 == 'via Mail',
							(PhoneCollectionBranch:$.PhoneCollectionBranch) when var.CollectOption1 == 'Collect at Branch' and var.CollectOption1 == 'via Mail',
							(PhoneIsATMCollectionBranch:$.PhoneIsATMCollectionBranch) when var.CollectOption1 == 'Collect at Branch' and var.CollectOption1 == 'via Mail',
							(PhoneATMCollectionBranch:$.PhoneATMCollectionBranch) when var.CollectOption1 == 'Collect at Branch' and var.CollectOption1 == 'via Mail',
							(PhoneEBankingShortName:$.PhoneEBankingShortName) when var.CollectOption1 == 'Collect at Branch' and var.CollectOption1 == 'via Mail'
						})
						
					},
					(BIBMgmtControl:var.BIBMgmtControl) when accountType == 'BPAGP07' or accountType == 'BPAGP17',
					(BIBLimitTransferAmong:var.BIBLimitTransferAmong) when (accountType == 'BPAGP07' or accountType == 'BPAGP17') and var.BIBLimitTransferAmong<=100000000,
					(BIBLimitAutopay:var.BIBLimitAutopay) when (accountType == 'BPAGP07' or accountType == 'BPAGP17') and var.BIBLimitAutopay<=3000000,
					(BIBLimitTransferToDesignated:var.BIBLimitTransferToDesignated) when (accountType == 'BPAGP07' or accountType == 'BPAGP17') and var.BIBLimitTransferToDesignated<=20000000,
					(BIBLimitTransferToNonDesignated:var.BIBLimitTransferToNonDesignated) when (accountType == 'BPAGP07' or accountType == 'BPAGP17') and var.BIBLimitTransferToNonDesignated<=2000000,
					(BIBLimitBill:var.BIBLimitBill) when (accountType == 'BPAGP07' or accountType == 'BPAGP17') and var.BIBLimitBill<=1000000,
					(BIBMPFEmployerID:var.BIBMPFEmployerID) when accountType == 'BPAGP07' or accountType == 'BPAGP17',
					(BIBMPFPayCentreID:var.BIBMPFPayCentreID) when accountType == 'BPAGP07' or accountType == 'BPAGP17',
					(BIBMPFLimit:var.BIBMPFLimit) when accountType == 'BPAGP07' or accountType == 'BPAGP17',
					(BIBLifeInsurPolicyNo1:var.BIBLifeInsurPolicyNo1) when accountType == 'BPAGP07' or accountType == 'BPAGP17',
					(BIBLifeInsurPolicyNo2:var.BIBLifeInsurPolicyNo2) when accountType == 'BPAGP07' or accountType == 'BPAGP17'
				})
			},
			PriorityApproval:{},
			GuarantorInfo:{},
			InvestmentSubAccount:{
				(using(var=commonTag.productDetails.InvestmentSubAccount){
					(IsAgreeToTC:var.IsAgreeToTC) when accountType == 'BPAGP07' or accountType == 'BPAGP17',
					(IsDepositSubAccount:var.IsDepositSubAccount) when accountType == 'BPAGP07' or accountType == 'BPAGP17',
					(IsCurrentAccountSettlement:var.IsCurrentAccountSettlement) when accountType == 'BPAGP07' or accountType == 'BPAGP17'
					 
				})
			},
			
			RiskProfiling:{
				(using(var=commonTag.productDetails.RiskProfiling){
					(IsInvestment:var.IsInvestment) when accountType == 'BPAGP07' or accountType == 'BPAGP17',
					(using(var2=var.IsInvestment) {
					(CertificateExperience:var.CertificateExperience) when var2 == 'YES',
					(FixedIncomeExperience:var.FixedIncomeExperience) when var2 == 'YES',
					(CurrencyExperience:var.CurrencyExperience) when var2 == 'YES',
					(CurrencyLinkedExperience:var.CurrencyLinkedExperience) when var2 == 'YES',
					(StockExperience:var.StockExperience) when var2 == 'YES',
					(EquityLinkedExperience:var.EquityLinkedExperience) when var2 == 'YES',
					
					(CommoditiesExperience:var.CommoditiesExperience) when var2 == 'YES',
					(DerivativeExperience:var.DerivativeExperience) when var2 == 'YES',
					(SurplusPercent:var.SurplusPercent) when var2 == 'YES',
					(InvestmentTenor:var.InvestmentTenor) when var2 == 'YES',
					(InvestmentObjective:var.InvestmentObjective) when var2 == 'YES',
					
					(ComfortFluctuation:var.ComfortFluctuation) when var2 == 'YES',
					(GearRatio:var.GearRatio) when var2 == 'YES',
					(ExpectDownturnProfit:var.ExpectDownturnProfit) when var2 == 'YES',
					(RiskTorlerance:var.RiskTorlerance) when accountType == 'BPAGP07' or accountType == 'BPAGP17',
					(CustomerConfirmation:var.CustomerConfirmation) when accountType == 'BPAGP07' or accountType == 'BPAGP17',
					
					(CustomerRiskTorlerance:var.CustomerRiskTorlerance) when accountType == 'BPAGP07' or accountType == 'BPAGP17',
					(IsCustomerReceive:var.IsCustomerReceive) when accountType == 'BPAGP07' or accountType == 'BPAGP17',
					(CustomerConfirmation:var.CustomerConfirmation) when accountType == 'BPAGP07' or accountType == 'BPAGP17',
					(SignerName:var.SignerName) when accountType == 'BPAGP07' or accountType == 'BPAGP17',
					(SignDate:var.SignDate) when accountType == 'BPAGP07' or accountType == 'BPAGP17'
					
						
					})
					
				})
			},
			RiskDisclosure:{
				(using(var=commonTag.productDetails.RiskDisclosure){
					
				(txtSignature:var.txtSignature) when accountType == 'BPAGP07' or accountType == 'BPAGP17',
				(txtSignerSign:var.txtSignerSign) when accountType == 'BPAGP07' or accountType == 'BPAGP17',
				(StaffName:var.StaffName) when accountType == 'BPAGP07' or accountType == 'BPAGP17',
				(ApplicantName:var.ApplicantName) when accountType == 'BPAGP07' or accountType == 'BPAGP17',
				(StaffRegNo:var.StaffRegNo) when accountType == 'BPAGP07' or accountType == 'BPAGP17',
				(ApplicantAccountNo:var.ApplicantAccountNo) when accountType == 'BPAGP07' or accountType == 'BPAGP17',
				(StaffSignDate:var.StaffSignDate) when accountType == 'BPAGP07' or accountType == 'BPAGP17',
				(ApplicantSignDate:var.ApplicantSignDate) when accountType == 'BPAGP07' or accountType == 'BPAGP17'
				})
			},
			PayrollService:{
				(using(var=commonTag.productDetails.PayrollService){
					
				(IsAgreeToTC:var.IsAgreeToTC) when accountType == 'BPAGP07' or accountType == 'BPAGP17',
				(IRDReturnNo:var.IRDReturnNo) when accountType == 'BPAGP07' or accountType == 'BPAGP17',
				(IsSalary:var.IsSalary) when accountType == 'BPAGP07' or accountType == 'BPAGP17',
				(IsAllowance:var.IsAllowance) when accountType == 'BPAGP07' or accountType == 'BPAGP17',
				(IsCommission:var.IsCommission) when accountType == 'BPAGP07' or accountType == 'BPAGP17',
				(IsBonus:var.IsBonus) when accountType == 'BPAGP07' or accountType == 'BPAGP17',
				(IsOther:var.IsOther) when accountType == 'BPAGP07' or accountType == 'BPAGP17',
				(Other:var.Other) when var.IsAllowance == 'Other',
				(ContactPerson:var.ContactPerson) when accountType == 'BPAGP07' or accountType == 'BPAGP17',
				(ContactPrefix1:var.ContactPrefix1) when accountType == 'BPAGP07' or accountType == 'BPAGP17'
				})
			},
			SecuredOverdraft:{
				(using(var=commonTag.productDetails.SecuredOverdraft){
					
				(IsAgreeToTC:var.IsAgreeToTC) when accountType == 'BPAGP07' or accountType == 'BPAGP17',
				(OverdraftAmount:var.OverdraftAmount) when accountType == 'BPAGP07' or accountType == 'BPAGP17'
				
				})
			},
			Certificate1:{
				(using(var=commonTag.productDetails.Certificate1){
					
				(dtResoulution:var.dtResoulution) when accountType == 'BPAGP07' or accountType == 'BPAGP17',
				(FurtherAccount:var.FurtherAccount) when accountType == 'BPAGP07' or accountType == 'BPAGP17',
				(PartnerSignArrangement1:var.PartnerSignArrangement1) when accountType == 'BPAGP07' or accountType == 'BPAGP17',
				(IsPartnerSignWithChop:var.IsPartnerSignWithChop) when accountType == 'BPAGP07' or accountType == 'BPAGP17',
				(SPLCSignArrangement1:var.SPLCSignArrangement1) when accountType == 'BPAGP07' or accountType == 'BPAGP17',
				(IsSPLCSignWithChop:var.IsSPLCSignWithChop) when accountType == 'BPAGP07' or accountType == 'BPAGP17',
				
				Signer1:{
					(commonTag.productDetails.Certificate1.*Signer1 map {
						(IsSoleProprietor:$.IsSoleProprietor) when accountType == 'BPAGP07' or accountType == 'BPAGP17',
						(IsPartner:$.IsPartner) when accountType == 'BPAGP07' or accountType == 'BPAGP17',
						(IsSoleDirector:$.IsSoleDirector) when accountType == 'BPAGP07' or accountType == 'BPAGP17',
						(IsDirector:$.IsDirector) when accountType == 'BPAGP07' or accountType == 'BPAGP17',
						(IsAuthorisedCardUser:$.IsAuthorisedCardUser) when accountType == 'BPAGP07' or accountType == 'BPAGP17',
						
						(txtSignature:$.txtSignature) when accountType == 'BPAGP07' or accountType == 'BPAGP17',
						
						(IsChairman:$.IsChairman) when accountType == 'BPAGP07' or accountType == 'BPAGP17',
						(Name:$.Name) when accountType == 'BPAGP07' or accountType == 'BPAGP17',
						(IsMemberOfGB:$.IsMemberOfGB) when accountType == 'BPAGP07' or accountType == 'BPAGP17',
						(IsMoreSigner:$.IsMoreSigner) when accountType == 'BPAGP07' or accountType == 'BPAGP17'
					})
				},
				
				Signer2:{
					(commonTag.productDetails.Certificate1.*Signer2 map {
						(IsSoleProprietor:$.IsSoleProprietor) when accountType == 'BPAGP07' or accountType == 'BPAGP17',
						(IsPartner:$.IsPartner) when accountType == 'BPAGP07' or accountType == 'BPAGP17',
						(IsSoleDirector:$.IsSoleDirector) when accountType == 'BPAGP07' or accountType == 'BPAGP17',
						(IsDirector:$.IsDirector) when accountType == 'BPAGP07' or accountType == 'BPAGP17',
						(IsAuthorisedCardUser:$.IsAuthorisedCardUser) when accountType == 'BPAGP07' or accountType == 'BPAGP17',
						
						(txtSignature:$.txtSignature) when accountType == 'BPAGP07' or accountType == 'BPAGP17',
						
						(IsChairman:$.IsChairman) when accountType == 'BPAGP07' or accountType == 'BPAGP17',
						(Name:$.Name) when accountType == 'BPAGP07' or accountType == 'BPAGP17',
						(IsMemberOfGB:$.IsMemberOfGB) when accountType == 'BPAGP07' or accountType == 'BPAGP17',
						(IsMoreSigner:$.IsMoreSigner) when accountType == 'BPAGP07' or accountType == 'BPAGP17'
					})
				},
				Signer3:{
					(commonTag.productDetails.Certificate1.*Signer3 map {
						(IsSoleProprietor:$.IsSoleProprietor) when accountType == 'BPAGP07' or accountType == 'BPAGP17',
						(IsPartner:$.IsPartner) when accountType == 'BPAGP07' or accountType == 'BPAGP17',
						(IsSoleDirector:$.IsSoleDirector) when accountType == 'BPAGP07' or accountType == 'BPAGP17',
						(IsDirector:$.IsDirector) when accountType == 'BPAGP07' or accountType == 'BPAGP17',
						(IsAuthorisedCardUser:$.IsAuthorisedCardUser) when accountType == 'BPAGP07' or accountType == 'BPAGP17',
						
						(txtSignature:$.txtSignature) when accountType == 'BPAGP07' or accountType == 'BPAGP17',
						
						(IsChairman:$.IsChairman) when accountType == 'BPAGP07' or accountType == 'BPAGP17',
						(Name:$.Name) when accountType == 'BPAGP07' or accountType == 'BPAGP17',
						(IsMemberOfGB:$.IsMemberOfGB) when accountType == 'BPAGP07' or accountType == 'BPAGP17',
						(IsMoreSigner:$.IsMoreSigner) when accountType == 'BPAGP07' or accountType == 'BPAGP17'
					})
				},
				Signer4:{
					(commonTag.productDetails.Certificate1.*Signer4 map {
						(IsSoleProprietor:$.IsSoleProprietor) when accountType == 'BPAGP07' or accountType == 'BPAGP17',
						(IsPartner:$.IsPartner) when accountType == 'BPAGP07' or accountType == 'BPAGP17',
						(IsSoleDirector:$.IsSoleDirector) when accountType == 'BPAGP07' or accountType == 'BPAGP17',
						(IsDirector:$.IsDirector) when accountType == 'BPAGP07' or accountType == 'BPAGP17',
						(IsAuthorisedCardUser:$.IsAuthorisedCardUser) when accountType == 'BPAGP07' or accountType == 'BPAGP17',
						
						(txtSignature:$.txtSignature) when accountType == 'BPAGP07' or accountType == 'BPAGP17',
						
						(IsChairman:$.IsChairman) when accountType == 'BPAGP07' or accountType == 'BPAGP17',
						(Name:$.Name) when accountType == 'BPAGP07' or accountType == 'BPAGP17',
						(IsMemberOfGB:$.IsMemberOfGB) when accountType == 'BPAGP07' or accountType == 'BPAGP17',
						(IsMoreSigner:$.IsMoreSigner) when accountType == 'BPAGP07' or accountType == 'BPAGP17'
					})
				},
				Signer5:{
					(commonTag.productDetails.Certificate1.*Signer5 map {
						(IsSoleProprietor:$.IsSoleProprietor) when accountType == 'BPAGP07' or accountType == 'BPAGP17',
						(IsPartner:$.IsPartner) when accountType == 'BPAGP07' or accountType == 'BPAGP17',
						(IsSoleDirector:$.IsSoleDirector) when accountType == 'BPAGP07' or accountType == 'BPAGP17',
						(IsDirector:$.IsDirector) when accountType == 'BPAGP07' or accountType == 'BPAGP17',
						(IsAuthorisedCardUser:$.IsAuthorisedCardUser) when accountType == 'BPAGP07' or accountType == 'BPAGP17',
						
						(txtSignature:$.txtSignature) when accountType == 'BPAGP07' or accountType == 'BPAGP17',
						
						(IsChairman:$.IsChairman) when accountType == 'BPAGP07' or accountType == 'BPAGP17',
						(Name:$.Name) when accountType == 'BPAGP07' or accountType == 'BPAGP17',
						(IsMemberOfGB:$.IsMemberOfGB) when accountType == 'BPAGP07' or accountType == 'BPAGP17',
						(IsMoreSigner:$.IsMoreSigner) when accountType == 'BPAGP07' or accountType == 'BPAGP17'
					})
				},
				Signer6:{
					(commonTag.productDetails.Certificate1.*Signer6 map {
						(IsSoleProprietor:$.IsSoleProprietor) when accountType == 'BPAGP07' or accountType == 'BPAGP17',
						(IsPartner:$.IsPartner) when accountType == 'BPAGP07' or accountType == 'BPAGP17',
						(IsSoleDirector:$.IsSoleDirector) when accountType == 'BPAGP07' or accountType == 'BPAGP17',
						(IsDirector:$.IsDirector) when accountType == 'BPAGP07' or accountType == 'BPAGP17',
						(IsAuthorisedCardUser:$.IsAuthorisedCardUser) when accountType == 'BPAGP07' or accountType == 'BPAGP17',
						
						(txtSignature:$.txtSignature) when accountType == 'BPAGP07' or accountType == 'BPAGP17',
						
						(IsChairman:$.IsChairman) when accountType == 'BPAGP07' or accountType == 'BPAGP17',
						(Name:$.Name) when accountType == 'BPAGP07' or accountType == 'BPAGP17',
						(IsMemberOfGB:$.IsMemberOfGB) when accountType == 'BPAGP07' or accountType == 'BPAGP17',
						(IsMoreSigner:$.IsMoreSigner) when accountType == 'BPAGP07' or accountType == 'BPAGP17'
					})
				},
				
				(ApplicationDate:var.ApplicationDate) when accountType == 'BPAGP07' or accountType == 'BPAGP17'
				
				})
			},
			AutopayService:{
				(using(var=commonTag.productDetails.AutopayService){
					(DebitAccountNo:var.DebitAccountNo) when accountType == 'Stand-alone Account',
					
					(IRDReturnNo:var.IRDReturnNo) when accountType == 'Stand-alone Account',
					(IsSalary:var.IsSalary) when accountType == 'Stand-alone Account',
					(IsAllowance:var.IsAllowance) when accountType == 'Stand-alone Account',
					(IsCommission:var.IsCommission) when accountType == 'Stand-alone Account',
					(IsOther:var.IsOther) when accountType == 'Stand-alone Account',
					
					(OtherInstruction:var.OtherInstruction) when var.IsAllowance == 'Other',
					(ContactPerson:var.ContactPerson) when accountType == 'Stand-alone Account',
					(ContactPersonPrefix1:var.ContactPersonPrefix1) when accountType == 'Stand-alone Account',
					(ContactPersonTel:var.ContactPersonTel) when accountType == 'Stand-alone Account'
					
				})
			},
			DepositCard:{
				(using(var=commonTag.productDetails.DepositCard){
					(PrimaryAccountNo:var.PrimaryAccountNo) when accountType == 'Stand-alone Account',
					
					(NoOfDepositAccount:var.NoOfDepositAccount) when accountType == 'Stand-alone Account',
					(Language:var.Language) when accountType == 'Stand-alone Account',
					(SecondAccountNo:var.SecondAccountNo) when accountType == 'Stand-alone Account',
					(ThirdAccountNo:var.ThirdAccountNo) when accountType == 'Stand-alone Account'
					
				})
			},
			//COS Mockup文件中没有该标签
			Certificate2:{
			 
			 
			}
			
		},
		//productDetails标签内容结束
		product:{
			
		},
		HSBCNet:{
			
		},
		forBankUse:{
			ForBankUseBasicInformation:{
				(using(var=commonTag.forBankUse.ForBankUseBasicInformation){
					CustomerControllingParty:var.CustomerControllingParty,
					(OtherCustomerControllingParty:var.OtherCustomerControllingParty) when var.CustomerControllingParty == 'others',
					CompanySearchFeeAnother:var.CompanySearchFeeAnother,
					TaxRisk:var.TaxRisk,
					OtherRemark:var.OtherRemark
				})
			},
			Payroll:{},
			CreditCard:{},
			RPQResult:{},
			RiskAssessmentPerformed:{},
			RiskAssessmentIndependent:{},
			AccountMaintenance:{},
			SECAccount:{
				(using(var=commonTag.forBankUse.SECAccount){
					(SECAccountInvestmentRelated:var.SECAccountInvestmentRelated) when accountType == 'BPAGP07' or accountType == 'BPAGP17',
					(SECAccountEnsureCustomersHaveRead:var.SECAccountEnsureCustomersHaveRead) when accountType == 'BPAGP07' or accountType == 'BPAGP17',
					(SECAccountForGSC:var.SECAccountForGSC) when accountType == 'BPAGP07' or accountType == 'BPAGP17'
					
				})
			},
			InvestmentPower:{},
			ASVCAS:{},
			BRANCHLineManagerApproval:{},
			CMP:{},
			PaperStatementFeeWaiver:{}
		},
		companyDetails:{
			GeneralInformation:{
				(using(var=commonTag.companyDetails.GeneralInformation){
					(rblistClientssuedBearerShares:var.rblistClientssuedBearerShares) 
					
				})
			}
		}
		
	}
}]]></dw:set-payload>
                            </dw:transform-message>
                            <set-variable variableName="new_data" value="#[payload]" doc:name="new form_data"/>
                            <logger message="#[flowVars.'new_data']" level="INFO" doc:name="Logger"/>
                            <db:insert config-ref="MySQL_Configuration" doc:name="insert">
                                <db:parameterized-query><![CDATA[insert into input_form (application_id,page_id,form_data,application_status) values (#[flowVars.application_id],1,#[flowVars.'new_data'],#[flowVars.application_status])]]></db:parameterized-query>
                            </db:insert>
                        </foreach>
                    </when>
                    <otherwise>
                        <set-payload value="sorry,the Database has no data" doc:name="Set Payload"/>
                    </otherwise>
                </choice>
            </when>
            <otherwise>
                <set-payload value="Sorry, the Identification is not right,please confirm agagin!" doc:name="Set Payload"/>
            </otherwise>
        </choice>
    </flow>
</mule>
