<?xml version="1.0" encoding="UTF-8"?>

<mule xmlns:dw="http://www.mulesoft.org/schema/mule/ee/dw" xmlns:http="http://www.mulesoft.org/schema/mule/http" xmlns:tracking="http://www.mulesoft.org/schema/mule/ee/tracking" xmlns="http://www.mulesoft.org/schema/mule/core" xmlns:doc="http://www.mulesoft.org/schema/mule/documentation"
	xmlns:spring="http://www.springframework.org/schema/beans" 
	xmlns:xsi="http://www.w3.org/2001/XMLSchema-instance"
	xsi:schemaLocation="http://www.springframework.org/schema/beans http://www.springframework.org/schema/beans/spring-beans-current.xsd
http://www.mulesoft.org/schema/mule/core http://www.mulesoft.org/schema/mule/core/current/mule.xsd
http://www.mulesoft.org/schema/mule/http http://www.mulesoft.org/schema/mule/http/current/mule-http.xsd
http://www.mulesoft.org/schema/mule/ee/tracking http://www.mulesoft.org/schema/mule/ee/tracking/current/mule-tracking-ee.xsd
http://www.mulesoft.org/schema/mule/ee/dw http://www.mulesoft.org/schema/mule/ee/dw/current/dw.xsd">
    <http:listener-config name="HTTP_Listener_Configuration" host="0.0.0.0" port="8081" doc:name="HTTP Listener Configuration"/>
    <flow name="cos_datawave_templateFlow">
        <http:listener config-ref="HTTP_Listener_Configuration" path="/" doc:name="HTTP"/>
        <set-variable variableName="flag" value="#[message.inboundProperties[&quot;http.query.params&quot;]]" doc:name="Variable"/>
        <logger message="#[flowVars.flag.flag]" level="INFO" doc:name="Logger"/>
        <choice doc:name="Choice">
            <when expression="#[flowVars.flag.flag==1]">
                <dw:transform-message doc:name="Transform Message">
                    <dw:set-payload><![CDATA[%dw 1.0
%output application/xml
%var empty = ''
%var accountType = payload.CMB_IRF.inputPack.productDetails.AccountInfo.AccountType
%var commonTag = payload.CMB_IRF.inputPack
%var drpEntityType = payload.CMB_IRF.packRequest.drpEntityType

---
CMB_IRF:{
	inputPack:{
		productDetails:{
			AccountInfo:{
				(using(var=commonTag.productDetails.AccountInfo){
					StandAloneCustomer:var.StandAloneCustomer,
					(AccountType:var.AccountType) when var.StandAloneCustomer == 'No',
					(Account1:var.Account1) when var.AccountType != empty,
					(Account2:var.Account2) when var.AccountType == 'Stand-alone Account',
					(Account3:var.Account3) when var.AccountType == 'Stand-alone Account',
					(Account4:var.Account4) when var.AccountType == 'Stand-alone Account',
					(Account5:var.Account5) when var.AccountType == 'Stand-alone Account',
					(Account6:var.Account6) when var.AccountType == 'Stand-alone Account',
					(Account7:var.Account7) when var.AccountType == 'Stand-alone Account',
					(Account8:var.Account8) when var.AccountType == 'Stand-alone Account',
					(Account9:var.Account9) when var.AccountType == 'Stand-alone Account'
					
				})
			},
			AccountStatement:{
				(using(var=commonTag.productDetails.AccountStatement){
					(MonthlyStatementDate:var.MonthlyStatementDate) when accountType == 'BPAGP07' or accountType == 'BPAGP17',
					(StandMonthlyStatementDate:var.StandMonthlyStatementDate) when accountType == 'Stand-alone Account',
					(IsConsolidatedStatement:var.IsConsolidatedStatement) when accountType == 'BPAGP07' or accountType == 'BPAGP17',
					(IsEchannelReceiving:var.IsEchannelReceiving) when accountType == 'BPAGP07' or accountType == 'BPAGP17'
				})
				
			},
			ChequeBook:{
				(using(var=commonTag.productDetails.ChequeBook){
					(IsIssue:var.IsIssue) when accountType == 'BPAGP07' or accountType == 'BPAGP17',
					(IssueMethod:var.IssueMethod) when accountType == 'BPAGP07' or accountType == 'BPAGP17',
					(ckbCourier:var.ckbCourier) when accountType == 'Stand-alone Account'
				})
			},
			PhoneATM:{
				(using(var=commonTag.productDetails.PhoneATM){
					(CollectOption1:var.CollectOption1) when accountType == 'BPAGP07' or accountType == 'BPAGP17',
					ACU1:{
						(commonTag.productDetails.PhoneATM.*ACU1 map {
							(PhoneEnglishName:$.PhoneEnglishName) when accountType == 'BPAGP07' or accountType == 'BPAGP17',
							(PhoneDocType:$.PhoneDocType) when accountType == 'BPAGP07' or accountType == 'BPAGP17',
							(PhoneDocTypeOther:$.PhoneDocTypeOther) when $.PhoneDocType == 'Others',
							(PhoneDocTypeNumber:$.PhoneDocTypeNumber) when accountType == 'BPAGP07' or accountType == 'BPAGP17',
							(PhoneATMLinkedAccount:$.PhoneATMLinkedAccount) when accountType == 'BPAGP07' or accountType == 'BPAGP17',
							(PhoneATMScreenSelection:$.PhoneATMScreenSelection) when accountType == 'BPAGP07' or accountType == 'BPAGP17',
							(PhoneEBankingBIBPINRefNo:$.PhoneEBankingBIBPINRefNo) when var.CollectOption1 == 'Collect on Spot' or var.CollectOption1 == 'Courier Service',
							(PhoneIsPhoneCollectionBranch:$.PhoneIsPhoneCollectionBranch) when var.CollectOption1 == 'Collect at Branch' and var.CollectOption1 == 'via Mail',
							(PhoneCollectionBranch:$.PhoneCollectionBranch) when var.CollectOption1 == 'Collect at Branch' and var.CollectOption1 == 'via Mail',
							(PhoneIsATMCollectionBranch:$.PhoneIsATMCollectionBranch) when var.CollectOption1 == 'Collect at Branch' and var.CollectOption1 == 'via Mail',
							(PhoneATMCollectionBranch:$.PhoneATMCollectionBranch) when var.CollectOption1 == 'Collect at Branch' and var.CollectOption1 == 'via Mail',
							(PhoneEBankingShortName:$.PhoneEBankingShortName) when var.CollectOption1 == 'Collect at Branch' and var.CollectOption1 == 'via Mail'
						})
						
					}
				})
			},
			InvestmentSubAccount:{
				(using(var=commonTag.productDetails.InvestmentSubAccount){
					(IsAgreeToTC:var.IsAgreeToTC) when accountType == 'BPAGP07' or accountType == 'BPAGP17',
					(IsDepositSubAccount:var.IsDepositSubAccount) when accountType == 'BPAGP07' or accountType == 'BPAGP17',
					(IsCurrentAccountSettlement:var.IsCurrentAccountSettlement) when accountType == 'BPAGP07' or accountType == 'BPAGP17'
					 
				})
			},
			RiskProfiling:{
				(using(var=commonTag.productDetails.RiskProfiling){
					(IsInvestment:var.IsInvestment) when accountType == 'BPAGP07' or accountType == 'BPAGP17',
					(using(var2=var.IsInvestment) {
					(CertificateExperience:var.CertificateExperience) when var2 == 'YES',
					(FixedIncomeExperience:var.FixedIncomeExperience) when var2 == 'YES',
					(CurrencyExperience:var.CurrencyExperience) when var2 == 'YES',
					(CurrencyLinkedExperience:var.CurrencyLinkedExperience) when var2 == 'YES',
					(StockExperience:var.StockExperience) when var2 == 'YES',
					(EquityLinkedExperience:var.EquityLinkedExperience) when var2 == 'YES',
					
					(CommoditiesExperience:var.CommoditiesExperience) when var2 == 'YES',
					(DerivativeExperience:var.DerivativeExperience) when var2 == 'YES',
					(SurplusPercent:var.SurplusPercent) when var2 == 'YES',
					(InvestmentTenor:var.InvestmentTenor) when var2 == 'YES',
					(InvestmentObjective:var.InvestmentObjective) when var2 == 'YES',
					
					(ComfortFluctuation:var.ComfortFluctuation) when var2 == 'YES',
					(GearRatio:var.GearRatio) when var2 == 'YES',
					(ExpectDownturnProfit:var.ExpectDownturnProfit) when var2 == 'YES',
					(RiskTorlerance:var.RiskTorlerance) when accountType == 'BPAGP07' or accountType == 'BPAGP17',
					(CustomerConfirmation:var.CustomerConfirmation) when accountType == 'BPAGP07' or accountType == 'BPAGP17',
					
					(CustomerRiskTorlerance:var.CustomerRiskTorlerance) when accountType == 'BPAGP07' or accountType == 'BPAGP17',
					(IsCustomerReceive:var.IsCustomerReceive) when accountType == 'BPAGP07' or accountType == 'BPAGP17',
					(CustomerConfirmation:var.CustomerConfirmation) when accountType == 'BPAGP07' or accountType == 'BPAGP17',
					(SignerName:var.SignerName) when accountType == 'BPAGP07' or accountType == 'BPAGP17',
					(SignDate:var.SignDate) when accountType == 'BPAGP07' or accountType == 'BPAGP17'
					
						
					})
					
				})
			},
			RiskDisclosure:{
				(using(var=commonTag.productDetails.RiskDisclosure){
					
				(txtSignature:var.txtSignature) when accountType == 'BPAGP07' or accountType == 'BPAGP17',
				(txtSignerSign:var.txtSignerSign) when accountType == 'BPAGP07' or accountType == 'BPAGP17',
				(StaffName:var.StaffName) when accountType == 'BPAGP07' or accountType == 'BPAGP17',
				(ApplicantName:var.ApplicantName) when accountType == 'BPAGP07' or accountType == 'BPAGP17',
				(StaffRegNo:var.StaffRegNo) when accountType == 'BPAGP07' or accountType == 'BPAGP17',
				(ApplicantAccountNo:var.ApplicantAccountNo) when accountType == 'BPAGP07' or accountType == 'BPAGP17',
				(StaffSignDate:var.StaffSignDate) when accountType == 'BPAGP07' or accountType == 'BPAGP17',
				(ApplicantSignDate:var.ApplicantSignDate) when accountType == 'BPAGP07' or accountType == 'BPAGP17'
				})
			},
			PayrollService:{
				(using(var=commonTag.productDetails.PayrollService){
					
				(IsAgreeToTC:var.IsAgreeToTC) when accountType == 'BPAGP07' or accountType == 'BPAGP17',
				(IRDReturnNo:var.IRDReturnNo) when accountType == 'BPAGP07' or accountType == 'BPAGP17',
				(IsSalary:var.IsSalary) when accountType == 'BPAGP07' or accountType == 'BPAGP17',
				(IsAllowance:var.IsAllowance) when accountType == 'BPAGP07' or accountType == 'BPAGP17',
				(IsCommission:var.IsCommission) when accountType == 'BPAGP07' or accountType == 'BPAGP17',
				(IsBonus:var.IsBonus) when accountType == 'BPAGP07' or accountType == 'BPAGP17',
				(IsOther:var.IsOther) when accountType == 'BPAGP07' or accountType == 'BPAGP17',
				(Other:var.Other) when var.IsAllowance == 'Other',
				(ContactPerson:var.ContactPerson) when accountType == 'BPAGP07' or accountType == 'BPAGP17',
				(ContactPrefix1:var.ContactPrefix1) when accountType == 'BPAGP07' or accountType == 'BPAGP17'
				})
			},
			SecuredOverdraft:{
				(using(var=commonTag.productDetails.SecuredOverdraft){
					
				(IsAgreeToTC:var.IsAgreeToTC) when accountType == 'BPAGP07' or accountType == 'BPAGP17',
				(OverdraftAmount:var.OverdraftAmount) when accountType == 'BPAGP07' or accountType == 'BPAGP17'
				
				})
			},
			Certificate1:{
				(using(var=commonTag.productDetails.Certificate1){
					
				(dtResoulution:var.dtResoulution) when accountType == 'BPAGP07' or accountType == 'BPAGP17',
				(FurtherAccount:var.FurtherAccount) when accountType == 'BPAGP07' or accountType == 'BPAGP17',
				(PartnerSignArrangement1:var.PartnerSignArrangement1) when accountType == 'BPAGP07' or accountType == 'BPAGP17',
				(IsPartnerSignWithChop:var.IsPartnerSignWithChop) when accountType == 'BPAGP07' or accountType == 'BPAGP17',
				(SPLCSignArrangement1:var.SPLCSignArrangement1) when accountType == 'BPAGP07' or accountType == 'BPAGP17',
				(IsSPLCSignWithChop:var.IsSPLCSignWithChop) when accountType == 'BPAGP07' or accountType == 'BPAGP17',
				
				Signer1:{
					(commonTag.productDetails.Certificate1.*Signer1 map {
						(txtSignature:$.txtSignature) when accountType == 'BPAGP07' or accountType == 'BPAGP17',
						
						(IsChairman:$.IsChairman) when accountType == 'BPAGP07' or accountType == 'BPAGP17',
						(Name:$.Name) when accountType == 'BPAGP07' or accountType == 'BPAGP17',
						(IsMoreSigner:$.IsMoreSigner) when accountType == 'BPAGP07' or accountType == 'BPAGP17'
					})
				},
				
				(ApplicationDate:var.ApplicationDate) when accountType == 'BPAGP07' or accountType == 'BPAGP17'
				
				})
			},
			AutopayService:{
				(using(var=commonTag.productDetails.AutopayService){
					(DebitAccountNo:var.DebitAccountNo) when accountType == 'Stand-alone Account',
					
					(IRDReturnNo:var.IRDReturnNo) when accountType == 'Stand-alone Account',
					(IsSalary:var.IsSalary) when accountType == 'Stand-alone Account',
					(IsAllowance:var.IsAllowance) when accountType == 'Stand-alone Account',
					(IsCommission:var.IsCommission) when accountType == 'Stand-alone Account',
					(IsOther:var.IsOther) when accountType == 'Stand-alone Account',
					
					(OtherInstruction:var.OtherInstruction) when var.IsAllowance == 'Other',
					(ContactPerson:var.ContactPerson) when accountType == 'Stand-alone Account',
					(ContactPersonPrefix1:var.ContactPersonPrefix1) when accountType == 'Stand-alone Account',
					(ContactPersonTel:var.ContactPersonTel) when accountType == 'Stand-alone Account'
					
				})
			},
			DepositCard:{
				(using(var=commonTag.productDetails.DepositCard){
					(PrimaryAccountNo:var.PrimaryAccountNo) when accountType == 'Stand-alone Account',
					
					(NoOfDepositAccount:var.NoOfDepositAccount) when accountType == 'Stand-alone Account',
					(Language:var.Language) when accountType == 'Stand-alone Account'
					
				})
			}
			
		},
		product:{
			
		},
		HSBCNet:{
			
		},
		forBankUse:{
			ForBankUseBasicInformation:{
				(using(var=commonTag.forBankUse.ForBankUseBasicInformation){
					CustomerControllingParty:var.CustomerControllingParty,
					(OtherCustomerControllingParty:var.OtherCustomerControllingParty) when var.CustomerControllingParty == 'others',
					CompanySearchFeeAnother:var.CompanySearchFeeAnother,
					TaxRisk:var.TaxRisk,
					OtherRemark:var.OtherRemark
				})
			},
			Payroll:{},
			CreditCard:{},
			RPQResult:{},
			RiskAssessmentPerformed:{},
			RiskAssessmentIndependent:{},
			AccountMaintenance:{},
			SECAccount:{
				(using(var=commonTag.forBankUse.SECAccount){
					(SECAccountInvestmentRelated:var.SECAccountInvestmentRelated) when accountType == 'BPAGP07' or accountType == 'BPAGP17',
					(SECAccountEnsureCustomersHaveRead:var.SECAccountEnsureCustomersHaveRead) when accountType == 'BPAGP07' or accountType == 'BPAGP17',
					(SECAccountForGSC:var.SECAccountForGSC) when accountType == 'BPAGP07' or accountType == 'BPAGP17'
					
				})
			},
			InvestmentPower:{},
			ASVCAS:{},
			BRANCHLineManagerApproval:{},
			CMP:{},
			PaperStatementFeeWaiver:{}
		},
		companyDetails:{
			GeneralInformation:{
				(using(var=commonTag.companyDetails.GeneralInformation){
					(rblistClientssuedBearerShares:var.rblistClientssuedBearerShares) 
					
				})
			}
		}
		
	}
}]]></dw:set-payload>
                </dw:transform-message>
            </when>
            <otherwise>
                <dw:transform-message doc:name="Transform Message">
                    <dw:set-payload><![CDATA[%dw 1.0
%output application/xml
%var empty = ''
%var accountType = payload.CMB_IRF.inputPack.productDetails.AccountInfo.AccountType
%var commonTag = payload.CMB_IRF.inputPack
%var drpEntityType = payload.CMB_IRF.packRequest.drpEntityType

---
CMB_IRF:{
	inputPack:{
		productDetails:{
			AccountInfo:{
				(using(var=commonTag.productDetails.AccountInfo){
					StandAloneCustomer:var.StandAloneCustomer,
					(AccountType:var.AccountType) when var.StandAloneCustomer == 'No',
					(Account1:var.Account1) when var.AccountType != empty,
					(Account2:var.Account2) when var.AccountType == 'Stand-alone Account',
					(Account3:var.Account3) when var.AccountType == 'Stand-alone Account',
					(Account4:var.Account4) when var.AccountType == 'Stand-alone Account',
					(Account5:var.Account5) when var.AccountType == 'Stand-alone Account',
					(Account6:var.Account6) when var.AccountType == 'Stand-alone Account',
					(Account7:var.Account7) when var.AccountType == 'Stand-alone Account',
					(Account8:var.Account8) when var.AccountType == 'Stand-alone Account',
					(Account9:var.Account9) when var.AccountType == 'Stand-alone Account'
					
				})
			} unless accountType == 'BPAGP07'
			otherwise
			COS:{
				(using(var=commonTag.productDetails.AccountInfo){
					COSCustomer:var.StandAloneCustomer,
					(COSAccountType:var.AccountType) when var.StandAloneCustomer == 'No',
					(COSAccount1:var.Account1) when var.AccountType != empty,
					(Account2:var.Account2) when var.AccountType == 'Stand-alone Account',
					(Account3:var.Account3) when var.AccountType == 'Stand-alone Account',
					(Account4:var.Account4) when var.AccountType == 'Stand-alone Account',
					(Account5:var.Account5) when var.AccountType == 'Stand-alone Account',
					(Account6:var.Account6) when var.AccountType == 'Stand-alone Account',
					(Account7:var.Account7) when var.AccountType == 'Stand-alone Account',
					(Account8:var.Account8) when var.AccountType == 'Stand-alone Account',
					(Account9:var.Account9) when var.AccountType == 'Stand-alone Account'
					
				})
			}
			
			}
		}
			
	}]]></dw:set-payload>
                </dw:transform-message>
            </otherwise>

        </choice>
    </flow>
</mule>
