<?xml version="1.0" encoding="UTF-8"?>

<mule xmlns:dw="http://www.mulesoft.org/schema/mule/ee/dw" xmlns:db="http://www.mulesoft.org/schema/mule/db" xmlns:http="http://www.mulesoft.org/schema/mule/http" xmlns:batch="http://www.mulesoft.org/schema/mule/batch" xmlns="http://www.mulesoft.org/schema/mule/core" xmlns:doc="http://www.mulesoft.org/schema/mule/documentation"
	xmlns:spring="http://www.springframework.org/schema/beans" 
	xmlns:xsi="http://www.w3.org/2001/XMLSchema-instance"
	xsi:schemaLocation="http://www.springframework.org/schema/beans http://www.springframework.org/schema/beans/spring-beans-current.xsd
http://www.mulesoft.org/schema/mule/core http://www.mulesoft.org/schema/mule/core/current/mule.xsd
http://www.mulesoft.org/schema/mule/db http://www.mulesoft.org/schema/mule/db/current/mule-db.xsd
http://www.mulesoft.org/schema/mule/http http://www.mulesoft.org/schema/mule/http/current/mule-http.xsd
http://www.mulesoft.org/schema/mule/batch http://www.mulesoft.org/schema/mule/batch/current/mule-batch.xsd
http://www.mulesoft.org/schema/mule/ee/dw http://www.mulesoft.org/schema/mule/ee/dw/current/dw.xsd">
    <http:listener-config name="HTTP_Listener_Configuration" host="0.0.0.0" port="8081" doc:name="HTTP Listener Configuration"/>
    <db:mysql-config name="MySQL_Configuration" host="localhost" port="3306" user="root" password="luojinyang521" database="test" doc:name="MySQL Configuration"/>
    <db:mysql-config name="MySQL_Configuration1" host="localhost" port="3306" user="root" password="luojinyang521" database="user" doc:name="MySQL Configuration"/>
    <batch:job name="data_migration_batchBatch">
        <batch:input>
            <http:listener config-ref="HTTP_Listener_Configuration" path="/cos/batch" doc:name="HTTP"/>
            <db:select config-ref="MySQL_Configuration" doc:name="Database">
                <db:parameterized-query><![CDATA[SELECT application_id,form_data FROM input_form]]></db:parameterized-query>
            </db:select>
            <set-variable variableName="result" value="#[payload]" doc:name="Variable"/>
        </batch:input>
        <batch:process-records>
            <batch:step name="Batch_Step">
                <set-payload value="#[payload]" doc:name="Set Payload"/>
                <set-variable variableName="application_id" value="#[payload.application_id]" doc:name="Variable"/>
                <set-variable variableName="data" value="#[payload.form_data]" doc:name="Variable"/>
                <dw:transform-message doc:name="Transform Message">
                    <dw:set-payload><![CDATA[%dw 1.0
%output application/java
%var empty = ''
%var ResiOfficeAddress = flowVars.data.CMB_IRF.inputPack.contactDetails.RegisteredOfficeAddress.ResiOfficeAddress
%var BusinessAddress = flowVars.data.CMB_IRF.inputPack.contactDetails.BusinessAddress.BusinessAddress
%var OtherAddress = flowVars.data.CMB_IRF.inputPack.contactDetails.CorrespondenceAddress.OtherAddress
%var BusinessPhoneNumber = flowVars.data.CMB_IRF.inputPack.contactDetails.BusinessPhoneNumber
---

            [
					{
						(value: ResiOfficeAddress.country)  ,
						(Field_ID: 'CONT2') ,
						(ApplicationId: flowVars.application_id)
					} when ResiOfficeAddress.country != empty otherwise null,
					 {
						(value: ResiOfficeAddress.isFreeFormatAddress) ,
						(Field_ID: 'CONTN13.1') ,
						(ApplicationId: flowVars.application_id) 
					} when ResiOfficeAddress.isFreeFormatAddress != empty otherwise null,          
					{
						(value: ResiOfficeAddress.FlatNumber) ,
						(Field_ID: 'CONT100') ,
						(ApplicationId: flowVars.application_id) 
					} when ResiOfficeAddress.FlatNumber != empty otherwise null,
					{
						(value: ResiOfficeAddress.FloorNumber),
						(Field_ID: 'CONT104') ,
						(ApplicationId: flowVars.application_id) 
					} when ResiOfficeAddress.FloorNumber != empty otherwise null,
					{
						(value: ResiOfficeAddress.BlockNumber) ,
						(Field_ID: 'CONT106') ,
						(ApplicationId: flowVars.application_id) 
					} when ResiOfficeAddress.BlockNumber != empty otherwise null,
					{
						(value: ResiOfficeAddress.BuildingNumber) ,
						(Field_ID: 'CONT103') ,
						(ApplicationId: flowVars.application_id) 
					} when ResiOfficeAddress.BuildingNumber != empty otherwise null,
					{
						(value: ResiOfficeAddress.streetName1) ,
						(Field_ID: 'CONT109') ,
						(ApplicationId: flowVars.application_id) 
					} when ResiOfficeAddress.streetName1 != empty otherwise null,
					{
						(value: ResiOfficeAddress.streetName2) ,
						(Field_ID: 'CONT112') ,
						(ApplicationId: flowVars.application_id) 
					} when ResiOfficeAddress.streetName2 != empty otherwise null,
					{
						(value: ResiOfficeAddress.additionalAddress)  ,
						(Field_ID: 'CONT113') ,
						(ApplicationId: flowVars.application_id) 
					} when ResiOfficeAddress.additionalAddress != empty otherwise null,
					{
						(value: ResiOfficeAddress.city) ,
						(Field_ID: 'CONT114') ,
						(ApplicationId: flowVars.application_id) 
					} when ResiOfficeAddress.city != empty otherwise null,
					{
						(value: ResiOfficeAddress.postcode) ,
						(Field_ID: 'CONT119') ,
						(ApplicationId: flowVars.application_id)
					} when ResiOfficeAddress.postcode != empty otherwise null,
					{
						(value: ResiOfficeAddress.addressLine1) ,
						(Field_ID: 'CONTN13.2') ,
						(ApplicationId: flowVars.application_id) 
					} when ResiOfficeAddress.addressLine1 != empty otherwise null,
					{
						(value: ResiOfficeAddress.addressLine2) ,
						(Field_ID: 'CONTN13.3') ,
						(ApplicationId: flowVars.application_id) 
					} when ResiOfficeAddress.addressLine2 != empty otherwise null,
					{
						(value: ResiOfficeAddress.addressLine3) ,
						(Field_ID: 'CONTN13.4') ,
						(ApplicationId: flowVars.application_id) 
					} when ResiOfficeAddress.addressLine3 != empty otherwise null,
					{
						(value: ResiOfficeAddress.addressLine4) ,
						(Field_ID: 'CONTN13.5') ,
						(ApplicationId: flowVars.application_id) 
					} when ResiOfficeAddress.addressLine4 != empty otherwise null,
					{
						(value: flowVars.data.CMB_IRF.inputPack.contactDetails.RegisteredOfficeAddress.IsRegisteredAdd),
						(Field_ID: 'CONTN13'),
						(ApplicationId: flowVars.application_id)
					} when flowVars.data.CMB_IRF.inputPack.contactDetails.RegisteredOfficeAddress.IsRegisteredAdd != empty otherwise null,
					{
						(value: BusinessAddress.country),
						(Field_ID: 'CONT15'),
						(ApplicationId: flowVars.application_id)
					} when BusinessAddress.country != empty otherwise null,
					 {
						(value: BusinessAddress.isFreeFormatAddress) ,
						(Field_ID: 'CONTN14.1'),
						(ApplicationId: flowVars.application_id)
					} when BusinessAddress.isFreeFormatAddress != empty otherwise null,
					{
						(value: BusinessAddress.FlatNumber),
						(Field_ID: 'CONT122') ,
						(ApplicationId: flowVars.application_id) 
					} when BusinessAddress.FlatNumber != empty otherwise null,
					{
						(value: BusinessAddress.FloorNumber),
						(Field_ID: 'CONT126'),
						(ApplicationId: flowVars.application_id)
					} when BusinessAddress.FloorNumber != empty otherwise null,
					{
						(value: BusinessAddress.BlockNumber) ,
						(Field_ID: 'CONT128') ,
						(ApplicationId: flowVars.application_id) 
					} when BusinessAddress.BlockNumber != empty otherwise null,
					{
						(value: BusinessAddress.BuildingNumber) ,
						(Field_ID: 'CONT125') ,
						(ApplicationId: flowVars.application_id) 
					} when BusinessAddress.BuildingNumber != empty otherwise null,
					{
						(value: BusinessAddress.streetName1) ,
						(Field_ID: 'CONT131') ,
						(ApplicationId: flowVars.application_id) 
					} when BusinessAddress.streetName1 != empty otherwise null,
					{
						(value: BusinessAddress.streetName2) ,
						(Field_ID: 'CONT134') ,
						(ApplicationId: flowVars.application_id) 
					} when BusinessAddress.streetName2 != empty otherwise null,
					{
						(value: BusinessAddress.additionalAddress)  ,
						(Field_ID: 'CONT135') ,
						(ApplicationId: flowVars.application_id) 
					} when BusinessAddress.additionalAddress != empty otherwise null,
					{
						(value: BusinessAddress.city)  ,
						(Field_ID: 'CONT136') ,
						(ApplicationId: flowVars.application_id)
					} when BusinessAddress.city != empty otherwise null,
					{
						(value: BusinessAddress.postcode) ,
						(Field_ID: 'CONT141') ,
						(ApplicationId: flowVars.application_id) 
					} when BusinessAddress.postcode != empty otherwise null,
					{
						(value: BusinessAddress.addressLine1),
						(Field_ID: 'CONTN14.2') ,
						(ApplicationId: flowVars.application_id) 
					} when BusinessAddress.addressLine1 != empty otherwise null,
					{
						(value: BusinessAddress.addressLine2),
						(Field_ID: 'CONTN14.3') ,
						(ApplicationId: flowVars.application_id) 
					} when BusinessAddress.addressLine2 != empty otherwise null,
					{
						(value: BusinessAddress.addressLine3) ,
						(Field_ID: 'CONTN14.4') ,
						(ApplicationId: flowVars.application_id) 
					} when BusinessAddress.addressLine3 != empty otherwise null,
					{
						(value: BusinessAddress.addressLine4) ,
						(Field_ID: 'CONTN14.5') ,
						(ApplicationId: flowVars.application_id) 
					} when BusinessAddress.addressLine4 != empty otherwise null,
					{
						(value: flowVars.data.CMB_IRF.inputPack.contactDetails.CorrespondenceAddress.SendCorresAddOne) ,
						(Field_ID: 'CONT64') ,
						(ApplicationId: flowVars.application_id) 
					} when flowVars.data.CMB_IRF.inputPack.contactDetails.CorrespondenceAddress.SendCorresAddOne != empty otherwise null,
					{
						(value: OtherAddress.country) ,
						(Field_ID: 'CONT67') ,
						(ApplicationId: flowVars.application_id)
					} when OtherAddress.country != empty otherwise null,
					 {
						(value: OtherAddress.isFreeFormatAddress),
						(Field_ID: 'CONTN18.1') ,
						(ApplicationId: flowVars.application_id)
					} when OtherAddress.isFreeFormatAddress != empty otherwise null,
					{
						(value: OtherAddress.FlatNumber),
						(Field_ID: 'CONT210') ,
						(ApplicationId: flowVars.application_id) 
					} when OtherAddress.FlatNumber != empty otherwise null,
					{
						(value: OtherAddress.FloorNumber) ,
						(Field_ID: 'CONT214') ,
						(ApplicationId: flowVars.application_id) 
					} when OtherAddress.FloorNumber != empty otherwise null,
					{
						(value: OtherAddress.BlockNumber) ,
						(Field_ID: 'CONT216') ,
						(ApplicationId: flowVars.application_id) 
					} when OtherAddress.BlockNumber != empty otherwise null,
					{
						(value: OtherAddress.BuildingNumber) ,
						(Field_ID: 'CONT213') ,
						(ApplicationId: flowVars.application_id) 
					} when OtherAddress.BuildingNumber != empty otherwise null,
					{
						(value: OtherAddress.streetName1) ,
						(Field_ID: 'CONT219') ,
						(ApplicationId: flowVars.application_id)
					} when OtherAddress.streetName1 != empty otherwise null,
						
					{
						(value: OtherAddress.streetName2),
						(Field_ID: 'CONT222') ,
						(ApplicationId: flowVars.application_id) 
					} when OtherAddress.streetName2 != empty otherwise null,
					{
						(value: OtherAddress.additionalAddress)  ,
						(Field_ID: 'CONT223') ,
						(ApplicationId: flowVars.application_id) 
					} when OtherAddress.additionalAddress != empty otherwise null,
					{
						(value: OtherAddress.city)  ,
						(Field_ID: 'CONT224') ,
						(ApplicationId: flowVars.application_id) 
					} when OtherAddress.city != empty otherwise null,
					{
						(value: OtherAddress.postcode) ,
						(Field_ID: 'CONT229') ,
						(ApplicationId: flowVars.application_id) 
					} when OtherAddress.postcode != empty otherwise null,
					{
						(value: OtherAddress.addressLine1) ,
						(Field_ID: 'CONTN18.2') ,
						(ApplicationId: flowVars.application_id) 
					} when OtherAddress.addressLine1 != empty otherwise null,
					{
						(value: OtherAddress.addressLine2) ,
						(Field_ID: 'CONTN18.3') ,
						(ApplicationId: flowVars.application_id) 
					} when OtherAddress.addressLine2 != empty otherwise null,
					{
						(value: OtherAddress.addressLine3) ,
						(Field_ID: 'CONTN18.4') ,
						(ApplicationId: flowVars.application_id) 
					} when OtherAddress.addressLine3 != empty otherwise null,
					{
						(value: OtherAddress.addressLine4) ,
						(Field_ID: 'CONTN18.5') ,
						(ApplicationId: flowVars.application_id) 
					} when OtherAddress.addressLine4 != empty otherwise null,
					{
						(value: flowVars.data.CMB_IRF.inputPack.contactDetails.CorrespondenceAddress.txtAddressDetInCN) ,
						(Field_ID: '0096') ,
						(ApplicationId: flowVars.application_id) 
					} when flowVars.data.CMB_IRF.inputPack.contactDetails.CorrespondenceAddress.txtAddressDetInCN != empty otherwise null,
					{
						(value: BusinessPhoneNumber.numTelNumOne) ,
						(Field_ID: 'CONT78') ,
						(ApplicationId: flowVars.application_id) 
					} when BusinessPhoneNumber.numTelNumOne != empty otherwise null,
					{
						(value: BusinessPhoneNumber.numTelNumTwo) ,
						(Field_ID: '0097a') ,
						(ApplicationId: flowVars.application_id) 
					} when BusinessPhoneNumber.numTelNumTwo != empty otherwise null,
					{
						(value: BusinessPhoneNumber.numMobNum) ,
						(Field_ID: 'CONT80') ,
						(ApplicationId: flowVars.application_id) 
					} when BusinessPhoneNumber.numMobNum != empty otherwise null,
					{
						(value: BusinessPhoneNumber.txtFaxNoOne) ,
						(Field_ID: 'CONT82') ,
						(ApplicationId: flowVars.application_id) 
					} when BusinessPhoneNumber.txtFaxNoOne != empty otherwise null,
					{
						(value: BusinessPhoneNumber.txtFaxNoTwo) ,
						(Field_ID: '0099a') ,
						(ApplicationId: flowVars.application_id) 
					} when BusinessPhoneNumber.txtFaxNoTwo != empty otherwise null,
					{
						(value: BusinessPhoneNumber.txtBusEmailOne) ,
						(Field_ID: 'CONT83') ,
						(ApplicationId: flowVars.application_id) 
					} when BusinessPhoneNumber.txtBusEmailOne != empty otherwise null,
					{
						(value: BusinessPhoneNumber.txtBusEmailTwo) ,
						(Field_ID: '0100a') ,
						(ApplicationId: flowVars.application_id) 
					} when BusinessPhoneNumber.txtBusEmailTwo != empty otherwise null,
					{
						(value: BusinessPhoneNumber.txtBusURL) ,
						(Field_ID: 'CONT84') ,
						(ApplicationId: flowVars.application_id) 
					} when BusinessPhoneNumber.txtBusURL != empty otherwise null

					

                ] filter $ != null
					
					]]></dw:set-payload>
                </dw:transform-message>
                <set-payload value="#[payload]" doc:name="Set Payload"/>
                <db:insert config-ref="MySQL_Configuration1" bulkMode="true" doc:name="Database">
                    <db:parameterized-query><![CDATA[INSERT INTO USER_INFO (APPLICATION_ID,PAGE_ID,FIELD_VALUE,FIELD_ID,LAST_OPERATOR,LAST_UPDATE_TIME) VALUES(#[payload.ApplicationId],10086,#[payload.value],#[payload.Field_ID],'Alan',NOW())]]></db:parameterized-query>
                </db:insert>
            </batch:step>
        </batch:process-records>
        <batch:on-complete>
            <set-payload value="successfully!" doc:name="Set Payload"/>
        </batch:on-complete>
    </batch:job>
</mule>
